{
	"_id": {
		"$oid": "5bfcee266afa23baed08fd7e"
	},
	"Resub_count": 1,
	"Planet_name": "Mercury",
	"First_time_sumbission": {
		"$date": "2018-06-04T10:44:00.000Z"
	},
	"Latest_submission_time": {
		"$date": "2018-06-04T10:44:00.000Z"
	},
	"Submission_type": "Comment",
	"Latest_active_time": {
		"$date": "2018-09-11T18:30:00.000Z"
	},
	"Student_name": "Ajay Kumar Sharma",
	"Link": "https://classroom.google.com/c/MTE4ODYyNjIwNDda/a/MTQ1NjcwMDE3NDla/submissions/by-status/and-sort-name/student/NzE3Mzc5NTQyNFpa",
	"Assignment_name": "BLG2",
	"Student_id": "NzE3Mzc5NTQyNFpa",
	"Done_status": 0,
	"turnAround": 0,
	"createdAt": {
		"$date": "2018-11-27T07:11:34.172Z"
	},
	"updatedAt": {
		"$date": "2018-11-27T07:11:34.172Z"
	},
	"__v": 0
}
{
	"_id": {
		"$oid": "5bfcee266afa23baed08fd7f"
	},
	"Resub_count": 3,
	"Planet_name": "Venus",
	"First_time_sumbission": {
		"$date": "2018-09-13T11:25:00.000Z"
	},
	"Latest_submission_time": {
		"$date": "2018-09-15T02:24:00.000Z"
	},
	"Submission_type": "Resubmission",
	"Latest_active_time": {
		"$date": "2018-09-15T02:24:00.000Z"
	},
	"Student_name": "bhyravi harikrishna",
	"Link": "https://classroom.google.com/u/0/c/MTQzNjMxNzIxMTBa/a/MTQ0NDkxODM4NTla/submissions/by-status/and-sort-name/student/MTQ0MzA4MzEzNTda",
	"Assignment_name": "CNN",
	"Student_id": "MTQ0MzA4MzEzNTda",
	"Done_status": 0,
	"turnAround": 0,
	"createdAt": {
		"$date": "2018-11-27T07:11:34.514Z"
	},
	"updatedAt": {
		"$date": "2018-11-27T07:11:34.514Z"
	},
	"__v": 0
}
{
	"_id": {
		"$oid": "5bfcee266afa23baed08fd80"
	},
	"Resub_count": 3,
	"Planet_name": "Saturn",
	"First_time_sumbission": {
		"$date": "2018-11-13T02:16:00.000Z"
	},
	"Latest_submission_time": {
		"$date": "2018-11-15T04:36:00.000Z"
	},
	"Submission_type": "Resubmission",
	"Latest_active_time": {
		"$date": "2018-11-15T04:36:00.000Z"
	},
	"Student_name": "Ravi T",
	"Link": "https://classroom.google.com/u/0/c/MTQ5ODQwNjA0MzBa/a/MTQ5ODQxNDA4Mzda/submissions/by-status/and-sort-name/student/MTUyNTYwMzE2MDJa",
	"Assignment_name": "KMEAN",
	"Student_id": "MTUyNTYwMzE2MDJa",
	"Done_status": 0,
	"turnAround": 0,
	"createdAt": {
		"$date": "2018-11-27T07:11:34.814Z"
	},
	"updatedAt": {
		"$date": "2018-11-27T07:11:34.814Z"
	},
	"__v": 0
}
{
	"_id": {
		"$oid": "5bfcee276afa23baed08fd81"
	},
	"Resub_count": 2,
	"Planet_name": "Venus",
	"First_time_sumbission": {
		"$date": "2018-11-16T06:35:00.000Z"
	},
	"Latest_submission_time": {
		"$date": "2018-11-16T11:07:00.000Z"
	},
	"Submission_type": "Comment",
	"Latest_active_time": {
		"$date": "2018-11-17T18:30:00.000Z"
	},
	"Student_name": "Abhishek K",
	"Link": "https://classroom.google.com/u/0/c/MTQzNjMxNzIxMTBa/a/MTQ0NTAxODY3NjZa/submissions/by-status/and-sort-name/student/MTQ0MDY2Nzk1MTJa",
	"Assignment_name": "RF",
	"Student_id": "MTQ0MDY2Nzk1MTJa",
	"Done_status": 0,
	"turnAround": 0,
	"createdAt": {
		"$date": "2018-11-27T07:11:35.112Z"
	},
	"updatedAt": {
		"$date": "2018-11-27T07:11:35.112Z"
	},
	"__v": 0
}
{
	"_id": {
		"$oid": "5bfcee276afa23baed08fd82"
	},
	"Resub_count": 2,
	"Planet_name": "Venus",
	"First_time_sumbission": {
		"$date": "2018-08-18T14:47:00.000Z"
	},
	"Latest_submission_time": {
		"$date": "2018-11-19T04:21:00.000Z"
	},
	"Submission_type": "Comment",
	"Latest_active_time": {
		"$date": "2018-11-21T18:30:00.000Z"
	},
	"Student_name": "Aditya Dosawada",
	"Link": "https://classroom.google.com/u/0/c/MTQzNjMxNzIxMTBa/a/MTQ0NTA4NjQ3NTda/submissions/by-status/and-sort-name/student/MTQ1NDAyNzg4NDZa",
	"Assignment_name": "KNN",
	"Student_id": "MTQ1NDAyNzg4NDZa",
	"Done_status": 0,
	"turnAround": 0,
	"createdAt": {
		"$date": "2018-11-27T07:11:35.414Z"
	},
	"updatedAt": {
		"$date": "2018-11-27T07:11:35.414Z"
	},
	"__v": 0
}
{
	"_id": {
		"$oid": "5bfcee276afa23baed08fd83"
	},
	"Resub_count": 1,
	"Planet_name": "Earth",
	"First_time_sumbission": {
		"$date": "2018-11-22T22:04:00.000Z"
	},
	"Latest_submission_time": {
		"$date": "2018-11-22T22:04:00.000Z"
	},
	"Submission_type": "Comment",
	"Latest_active_time": {
		"$date": "2018-11-24T18:30:00.000Z"
	},
	"Student_name": "Allwin saj",
	"Link": "https://classroom.google.com/u/0/c/MTQ3MjE0Njg0NTla/a/MTQ3MjIxNTQwNDNa/submissions/by-status/and-sort-name/student/MTQ4OTAyNjk4ODBa",
	"Assignment_name": "SGD",
	"Student_id": "MTQ4OTAyNjk4ODBa",
	"Done_status": 0,
	"turnAround": 0,
	"createdAt": {
		"$date": "2018-11-27T07:11:35.738Z"
	},
	"updatedAt": {
		"$date": "2018-11-27T07:11:35.738Z"
	},
	"__v": 0
}
{
	"_id": {
		"$oid": "5bfcee286afa23baed08fd84"
	},
	"Resub_count": 2,
	"Planet_name": "Mars",
	"First_time_sumbission": {
		"$date": "2018-11-18T19:12:00.000Z"
	},
	"Latest_submission_time": {
		"$date": "2018-11-22T23:56:00.000Z"
	},
	"Submission_type": "Comment",
	"Latest_active_time": {
		"$date": "2018-11-24T18:30:00.000Z"
	},
	"Student_name": "Shree Narayanan",
	"Link": "https://classroom.google.com/u/0/c/MTQ4NDA3NjAyMzRa/a/MTQ4NDA3MDA4ODBa/submissions/by-status/and-sort-name/student/MTg2Mjc0NTAyMjNa",
	"Assignment_name": "NB",
	"Student_id": "MTg2Mjc0NTAyMjNa",
	"Done_status": 0,
	"turnAround": 0,
	"createdAt": {
		"$date": "2018-11-27T07:11:36.067Z"
	},
	"updatedAt": {
		"$date": "2018-11-27T07:11:36.067Z"
	},
	"__v": 0
}
{
	"_id": {
		"$oid": "5bfcee286afa23baed08fd85"
	},
	"Resub_count": 1,
	"Planet_name": "Shire",
	"First_time_sumbission": {
		"$date": "2018-11-23T08:18:00.000Z"
	},
	"Latest_submission_time": {
		"$date": "2018-11-23T08:18:00.000Z"
	},
	"Submission_type": "Comment",
	"Latest_active_time": {
		"$date": "2018-11-24T18:30:00.000Z"
	},
	"Student_name": "Nishant Neeraj",
	"Link": "https://classroom.google.com/u/0/c/MTk4NjY3MjQyNTFa/a/MTk4NjY3MjQyNjJa/submissions/by-status/and-sort-name/student/MjAwNzE2ODA0MTha",
	"Assignment_name": "HAB",
	"Student_id": "MjAwNzE2ODA0MTha",
	"Done_status": 0,
	"turnAround": 0,
	"createdAt": {
		"$date": "2018-11-27T07:11:36.384Z"
	},
	"updatedAt": {
		"$date": "2018-11-27T07:11:36.384Z"
	},
	"__v": 0
}
{
	"_id": {
		"$oid": "5bfcee286afa23baed08fd86"
	},
	"Resub_count": 3,
	"Planet_name": "Earth",
	"First_time_sumbission": {
		"$date": "2018-11-16T08:10:00.000Z"
	},
	"Latest_submission_time": {
		"$date": "2018-11-23T10:26:00.000Z"
	},
	"Submission_type": "Comment",
	"Latest_active_time": {
		"$date": "2018-11-24T18:30:00.000Z"
	},
	"Student_name": "vajrapu saikiran",
	"Link": "https://classroom.google.com/u/0/c/MTQ3MjE0Njg0NTla/a/MTQ3MjExMDExMTJa/submissions/by-status/and-sort-name/student/MTQ1Mzg2OTA4NTRa",
	"Assignment_name": "LR",
	"Student_id": "MTQ1Mzg2OTA4NTRa",
	"Done_status": 0,
	"turnAround": 0,
	"createdAt": {
		"$date": "2018-11-27T07:11:36.680Z"
	},
	"updatedAt": {
		"$date": "2018-11-27T07:11:36.680Z"
	},
	"__v": 0
}
{
	"_id": {
		"$oid": "5bfcee286afa23baed08fd87"
	},
	"Resub_count": 2,
	"Planet_name": "Jupiter",
	"First_time_sumbission": {
		"$date": "2018-09-24T16:56:00.000Z"
	},
	"Latest_submission_time": {
		"$date": "2018-11-23T12:51:00.000Z"
	},
	"Submission_type": "Comment",
	"Latest_active_time": {
		"$date": "2018-11-24T18:30:00.000Z"
	},
	"Student_name": "Akash Chauhan",
	"Link": "https://classroom.google.com/u/0/c/MTQ4OTQ3NDMwMzFa/a/MTQ4OTQ1MTA3NzFa/submissions/by-status/and-sort-name/student/MTQ5MzA0ODg1NjRa",
	"Assignment_name": "KNN",
	"Student_id": "MTQ5MzA0ODg1NjRa",
	"Done_status": 0,
	"turnAround": 0,
	"createdAt": {
		"$date": "2018-11-27T07:11:36.971Z"
	},
	"updatedAt": {
		"$date": "2018-11-27T07:11:36.971Z"
	},
	"__v": 0
}
{
	"_id": {
		"$oid": "5bfcee296afa23baed08fd88"
	},
	"Resub_count": 2,
	"Planet_name": "Saturn",
	"First_time_sumbission": {
		"$date": "2018-11-19T10:28:00.000Z"
	},
	"Latest_submission_time": {
		"$date": "2018-11-23T14:37:00.000Z"
	},
	"Submission_type": "Comment",
	"Latest_active_time": {
		"$date": "2018-11-24T18:30:00.000Z"
	},
	"Student_name": "Vinay Sai",
	"Link": "https://classroom.google.com/u/0/c/MTQ5ODQwNjA0MzBa/a/MTQ5ODM0NzQwNjFa/submissions/by-status/and-sort-name/student/MTUwNjMxNzc4OTda",
	"Assignment_name": "NB",
	"Student_id": "MTUwNjMxNzc4OTda",
	"Done_status": 0,
	"turnAround": 0,
	"createdAt": {
		"$date": "2018-11-27T07:11:37.294Z"
	},
	"updatedAt": {
		"$date": "2018-11-27T07:11:37.294Z"
	},
	"__v": 0
}
{
	"_id": {
		"$oid": "5bfcee296afa23baed08fd89"
	},
	"Resub_count": 1,
	"Planet_name": "Venus",
	"First_time_sumbission": {
		"$date": "2018-11-24T05:51:00.000Z"
	},
	"Latest_submission_time": {
		"$date": "2018-11-24T05:51:00.000Z"
	},
	"Submission_type": "Comment",
	"Latest_active_time": {
		"$date": "2018-11-24T18:30:00.000Z"
	},
	"Student_name": "Pradeep Bhupatiraju",
	"Link": "https://classroom.google.com/u/0/c/MTQzNjMxNzIxMTBa/a/MTQ0NDkxODM4NTZa/submissions/by-status/and-sort-name/student/MTQ3MjgxNDA1MzFa",
	"Assignment_name": "TSNE",
	"Student_id": "MTQ3MjgxNDA1MzFa",
	"Done_status": 0,
	"turnAround": 0,
	"createdAt": {
		"$date": "2018-11-27T07:11:37.621Z"
	},
	"updatedAt": {
		"$date": "2018-11-27T07:11:37.621Z"
	},
	"__v": 0
}
{
	"_id": {
		"$oid": "5bfcee296afa23baed08fd8a"
	},
	"Resub_count": 1,
	"Planet_name": "Uranus",
	"First_time_sumbission": {
		"$date": "2018-11-24T06:36:00.000Z"
	},
	"Latest_submission_time": {
		"$date": "2018-11-24T06:36:00.000Z"
	},
	"Submission_type": "Comment",
	"Latest_active_time": {
		"$date": "2018-11-24T18:30:00.000Z"
	},
	"Student_name": "Yashwanth Goud",
	"Link": "https://classroom.google.com/u/0/c/MTY1NzY5NjU4MzFa/a/MTY1Nzc2OTgxODla/submissions/by-status/and-sort-name/student/MTcxNjc1MDg2OTVa",
	"Assignment_name": "DT",
	"Student_id": "MTcxNjc1MDg2OTVa",
	"Done_status": 0,
	"turnAround": 0,
	"createdAt": {
		"$date": "2018-11-27T07:11:37.968Z"
	},
	"updatedAt": {
		"$date": "2018-11-27T07:11:37.968Z"
	},
	"__v": 0
}
{
	"_id": {
		"$oid": "5bfcee2a6afa23baed08fd8b"
	},
	"Resub_count": 1,
	"Planet_name": "Shire",
	"First_time_sumbission": {
		"$date": "2018-11-24T11:48:00.000Z"
	},
	"Latest_submission_time": {
		"$date": "2018-11-24T11:48:00.000Z"
	},
	"Submission_type": "Comment",
	"Latest_active_time": {
		"$date": "2018-11-24T18:30:00.000Z"
	},
	"Student_name": "Saiteja psk",
	"Link": "https://classroom.google.com/u/0/c/MTk4NjY3MjQyNTFa/a/MTk4NjY3MjQyNjJa/submissions/by-status/and-sort-name/student/MjQ2MTgzNDYwMzFa",
	"Assignment_name": "HAB",
	"Student_id": "MjQ2MTgzNDYwMzFa",
	"Done_status": 0,
	"turnAround": 0,
	"createdAt": {
		"$date": "2018-11-27T07:11:38.276Z"
	},
	"updatedAt": {
		"$date": "2018-11-27T07:11:38.276Z"
	},
	"__v": 0
}
{
	"_id": {
		"$oid": "5bfcee2a6afa23baed08fd8c"
	},
	"Resub_count": 5,
	"Planet_name": "sun",
	"First_time_sumbission": {
		"$date": "2018-11-07T16:54:00.000Z"
	},
	"Latest_submission_time": {
		"$date": "2018-11-24T11:55:00.000Z"
	},
	"Submission_type": "Resubmission",
	"Latest_active_time": {
		"$date": "2018-11-24T11:55:00.000Z"
	},
	"Student_name": "veerraj veer",
	"Link": "https://classroom.google.com/u/0/c/ODc4NzQxOTc0OFpa/a/MTA1OTY4MjQ4MTha/submissions/by-status/and-sort-name/student/MTE0NzU3NTMyMDla",
	"Assignment_name": "KNN",
	"Student_id": "MTE0NzU3NTMyMDla",
	"Done_status": 0,
	"turnAround": 0,
	"createdAt": {
		"$date": "2018-11-27T07:11:38.570Z"
	},
	"updatedAt": {
		"$date": "2018-11-27T07:11:38.570Z"
	},
	"__v": 0
}
{
	"_id": {
		"$oid": "5bfcee2a6afa23baed08fd8d"
	},
	"Resub_count": 2,
	"Planet_name": "Mars",
	"First_time_sumbission": {
		"$date": "2018-11-14T06:21:00.000Z"
	},
	"Latest_submission_time": {
		"$date": "2018-11-24T12:23:00.000Z"
	},
	"Submission_type": "Comment",
	"Latest_active_time": {
		"$date": "2018-11-24T18:30:00.000Z"
	},
	"Student_name": "Ganta Shivani",
	"Link": "https://classroom.google.com/u/0/c/MTQ4NDA3NjAyMzRa/a/MTQ4NDA0NTU0MTVa/submissions/by-status/and-sort-name/student/MTQ4NjI4ODc1NzFa",
	"Assignment_name": "HAB",
	"Student_id": "MTQ4NjI4ODc1NzFa",
	"Done_status": 0,
	"turnAround": 0,
	"createdAt": {
		"$date": "2018-11-27T07:11:38.891Z"
	},
	"updatedAt": {
		"$date": "2018-11-27T07:11:38.891Z"
	},
	"__v": 0
}
{
	"_id": {
		"$oid": "5bfcee2b6afa23baed08fd8e"
	},
	"Resub_count": 2,
	"Planet_name": "Shire",
	"First_time_sumbission": {
		"$date": "2018-11-23T20:37:00.000Z"
	},
	"Latest_submission_time": {
		"$date": "2018-11-24T13:35:00.000Z"
	},
	"Submission_type": "Comment",
	"Latest_active_time": {
		"$date": "2018-11-25T18:54:00.000Z"
	},
	"Student_name": "akula shashank",
	"Link": "https://classroom.google.com/u/0/c/MTk4NjY3MjQyNTFa/a/MTk4NjI5MzU4OTJa/submissions/by-status/and-sort-name/student/MTk4NzM2MDk4NzVa",
	"Assignment_name": "NB",
	"Student_id": "MTk4NzM2MDk4NzVa",
	"Done_status": 0,
	"turnAround": 0,
	"createdAt": {
		"$date": "2018-11-27T07:11:39.221Z"
	},
	"updatedAt": {
		"$date": "2018-11-27T07:11:39.221Z"
	},
	"__v": 0
}
{
	"_id": {
		"$oid": "5bfcee2b6afa23baed08fd8f"
	},
	"Resub_count": 2,
	"Planet_name": "Mars",
	"First_time_sumbission": {
		"$date": "2018-11-11T18:17:00.000Z"
	},
	"Latest_submission_time": {
		"$date": "2018-11-24T13:50:00.000Z"
	},
	"Submission_type": "Comment",
	"Latest_active_time": {
		"$date": "2018-11-24T18:30:00.000Z"
	},
	"Student_name": "Sriram TM",
	"Link": "https://classroom.google.com/u/0/c/MTQ4NDA3NjAyMzRa/a/MTQ4NDA0MDMwODZa/submissions/by-status/and-sort-name/student/NzQ1Nzk3NDczNlpa",
	"Assignment_name": "KMEAN",
	"Student_id": "NzQ1Nzk3NDczNlpa",
	"Done_status": 0,
	"turnAround": 0,
	"createdAt": {
		"$date": "2018-11-27T07:11:39.521Z"
	},
	"updatedAt": {
		"$date": "2018-11-27T07:11:39.521Z"
	},
	"__v": 0
}
{
	"_id": {
		"$oid": "5bfcee2b6afa23baed08fd90"
	},
	"Resub_count": 1,
	"Planet_name": "Venus",
	"First_time_sumbission": {
		"$date": "2018-11-24T18:24:00.000Z"
	},
	"Latest_submission_time": {
		"$date": "2018-11-24T18:24:00.000Z"
	},
	"Submission_type": "Comment",
	"Latest_active_time": {
		"$date": "2018-11-25T19:01:00.000Z"
	},
	"Student_name": "Ashok Kumar",
	"Link": "https://classroom.google.com/u/0/c/MTQzNjMxNzIxMTBa/a/MTQ0NDk1NTM3MzVa/submissions/by-status/and-sort-name/student/MTAyODk5NTk2NjRa",
	"Assignment_name": "NB",
	"Student_id": "MTAyODk5NTk2NjRa",
	"Done_status": 0,
	"turnAround": 0,
	"createdAt": {
		"$date": "2018-11-27T07:11:39.811Z"
	},
	"updatedAt": {
		"$date": "2018-11-27T07:11:39.811Z"
	},
	"__v": 0
}
{
	"_id": {
		"$oid": "5bfcee2c6afa23baed08fd91"
	},
	"Resub_count": 1,
	"Planet_name": "Shire",
	"First_time_sumbission": {
		"$date": "2018-11-24T19:24:00.000Z"
	},
	"Latest_submission_time": {
		"$date": "2018-11-24T19:24:00.000Z"
	},
	"Submission_type": "Resubmission",
	"Latest_active_time": {
		"$date": "2018-11-24T19:24:00.000Z"
	},
	"Student_name": "Pavan Teja",
	"Link": "https://classroom.google.com/u/0/c/MTk4NjY3MjQyNTFa/a/MTk4NjY3MjQyNjJa/submissions/by-status/and-sort-name/student/MjI2OTMwMDQ2NDZa",
	"Assignment_name": "HAB",
	"Student_id": "MjI2OTMwMDQ2NDZa",
	"Done_status": 0,
	"turnAround": 0,
	"createdAt": {
		"$date": "2018-11-27T07:11:40.149Z"
	},
	"updatedAt": {
		"$date": "2018-11-27T07:11:40.149Z"
	},
	"__v": 0
}
{
	"_id": {
		"$oid": "5bfcee2c6afa23baed08fd92"
	},
	"Resub_count": 1,
	"Planet_name": "Pluto",
	"First_time_sumbission": {
		"$date": "2018-11-24T20:13:00.000Z"
	},
	"Latest_submission_time": {
		"$date": "2018-11-24T20:13:00.000Z"
	},
	"Submission_type": "Resubmission",
	"Latest_active_time": {
		"$date": "2018-11-24T20:13:00.000Z"
	},
	"Student_name": "KUSHAL CHAKRABORTY",
	"Link": "https://classroom.google.com/u/0/c/MTczMTEyNDg1NzFa/a/MTczNDQ4NDc4NzBa/submissions/by-status/and-sort-name/student/MTc0Mjg5NDY3ODFa",
	"Assignment_name": "SVM",
	"Student_id": "MTc0Mjg5NDY3ODFa",
	"Done_status": 0,
	"turnAround": 0,
	"createdAt": {
		"$date": "2018-11-27T07:11:40.480Z"
	},
	"updatedAt": {
		"$date": "2018-11-27T07:11:40.480Z"
	},
	"__v": 0
}
{
	"_id": {
		"$oid": "5bfcee2c6afa23baed08fd93"
	},
	"Resub_count": 1,
	"Planet_name": "Mercury",
	"First_time_sumbission": {
		"$date": "2018-11-24T21:03:00.000Z"
	},
	"Latest_submission_time": {
		"$date": "2018-11-24T21:03:00.000Z"
	},
	"Submission_type": "New submission",
	"Latest_active_time": {
		"$date": "2018-11-24T21:03:00.000Z"
	},
	"Student_name": "Rahul Babu",
	"Link": "https://classroom.google.com/u/0/c/MTE4ODYyNjIwNDda/a/MTQzNjUyNzQ2NTZa/submissions/by-status/and-sort-name/student/MTQyOTA5ODcyMDNa",
	"Assignment_name": "SGD",
	"Student_id": "MTQyOTA5ODcyMDNa",
	"Done_status": 0,
	"turnAround": 0,
	"createdAt": {
		"$date": "2018-11-27T07:11:40.817Z"
	},
	"updatedAt": {
		"$date": "2018-11-27T07:11:40.817Z"
	},
	"__v": 0
}
{
	"_id": {
		"$oid": "5bfcee2d6afa23baed08fd94"
	},
	"Resub_count": 2,
	"Planet_name": "Venus",
	"First_time_sumbission": {
		"$date": "2018-07-02T09:14:00.000Z"
	},
	"Latest_submission_time": {
		"$date": "2018-11-25T01:31:00.000Z"
	},
	"Submission_type": "Resubmission",
	"Latest_active_time": {
		"$date": "2018-11-25T01:31:00.000Z"
	},
	"Student_name": "bhyravi harikrishna",
	"Link": "https://classroom.google.com/u/0/c/MTQzNjMxNzIxMTBa/a/MTQ0NDk1MDc0Nzda/submissions/by-status/and-sort-name/student/MTQ0MzA4MzEzNTda",
	"Assignment_name": "SVM",
	"Student_id": "MTQ0MzA4MzEzNTda",
	"Done_status": 0,
	"turnAround": 0,
	"createdAt": {
		"$date": "2018-11-27T07:11:41.111Z"
	},
	"updatedAt": {
		"$date": "2018-11-27T07:11:41.111Z"
	},
	"__v": 0
}
{
	"_id": {
		"$oid": "5bfcee2d6afa23baed08fd95"
	},
	"Resub_count": 2,
	"Planet_name": "Jupiter",
	"First_time_sumbission": {
		"$date": "2018-11-09T16:13:00.000Z"
	},
	"Latest_submission_time": {
		"$date": "2018-11-25T01:32:00.000Z"
	},
	"Submission_type": "Resubmission",
	"Latest_active_time": {
		"$date": "2018-11-25T01:32:00.000Z"
	},
	"Student_name": "Amarnath Manipatra",
	"Link": "https://classroom.google.com/u/0/c/MTQ4OTQ3NDMwMzFa/a/MTQ4OTQ3MjQ0MDNa/submissions/by-status/and-sort-name/student/MTQ5MzU5NTIzMzZa",
	"Assignment_name": "LR",
	"Student_id": "MTQ5MzU5NTIzMzZa",
	"Done_status": 0,
	"turnAround": 0,
	"createdAt": {
		"$date": "2018-11-27T07:11:41.406Z"
	},
	"updatedAt": {
		"$date": "2018-11-27T07:11:41.406Z"
	},
	"__v": 0
}
{
	"_id": {
		"$oid": "5bfcee2d6afa23baed08fd96"
	},
	"Resub_count": 1,
	"Planet_name": "sun",
	"First_time_sumbission": {
		"$date": "2018-11-25T03:12:00.000Z"
	},
	"Latest_submission_time": {
		"$date": "2018-11-25T03:12:00.000Z"
	},
	"Submission_type": "New submission",
	"Latest_active_time": {
		"$date": "2018-11-25T03:12:00.000Z"
	},
	"Student_name": "nishanth pathi",
	"Link": "https://classroom.google.com/c/ODc4NzQxOTc0OFpa/a/MTQ1NjgxMzM4MjFa/submissions/by-status/and-sort-name/student/Njk1NDY3MTczNlpa",
	"Assignment_name": "SELF-DRIVING",
	"Student_id": "Njk1NDY3MTczNlpa",
	"Done_status": 0,
	"turnAround": 0,
	"createdAt": {
		"$date": "2018-11-27T07:11:41.726Z"
	},
	"updatedAt": {
		"$date": "2018-11-27T07:11:41.726Z"
	},
	"__v": 0
}
{
	"_id": {
		"$oid": "5bfcee2e6afa23baed08fd97"
	},
	"Resub_count": 9,
	"Planet_name": "Venus",
	"First_time_sumbission": {
		"$date": "2018-06-08T04:04:00.000Z"
	},
	"Latest_submission_time": {
		"$date": "2018-11-25T03:55:00.000Z"
	},
	"Submission_type": "Resubmission",
	"Latest_active_time": {
		"$date": "2018-11-25T03:55:00.000Z"
	},
	"Student_name": "bhyravi harikrishna",
	"Link": "https://classroom.google.com/u/0/c/MTQzNjMxNzIxMTBa/a/MTQ0NDkwNTQ4ODVa/submissions/by-status/and-sort-name/student/MTQ0MzA4MzEzNTda",
	"Assignment_name": "LR",
	"Student_id": "MTQ0MzA4MzEzNTda",
	"Done_status": 0,
	"turnAround": 0,
	"createdAt": {
		"$date": "2018-11-27T07:11:42.013Z"
	},
	"updatedAt": {
		"$date": "2018-11-27T07:11:42.013Z"
	},
	"__v": 0
}
{
	"_id": {
		"$oid": "5bfcee2e6afa23baed08fd98"
	},
	"Resub_count": 2,
	"Planet_name": "Mars",
	"First_time_sumbission": {
		"$date": "2018-11-23T06:15:00.000Z"
	},
	"Latest_submission_time": {
		"$date": "2018-11-25T04:40:00.000Z"
	},
	"Submission_type": "Resubmission",
	"Latest_active_time": {
		"$date": "2018-11-25T04:40:00.000Z"
	},
	"Student_name": "Bittu Jain",
	"Link": "https://classroom.google.com/u/0/c/MTQ4NDA3NjAyMzRa/a/MTQ4Mzk4Nzg0MjFa/submissions/by-status/and-sort-name/student/MTQ4NjY4MzA2NjZa",
	"Assignment_name": "DT",
	"Student_id": "MTQ4NjY4MzA2NjZa",
	"Done_status": 0,
	"turnAround": 0,
	"createdAt": {
		"$date": "2018-11-27T07:11:42.319Z"
	},
	"updatedAt": {
		"$date": "2018-11-27T07:11:42.319Z"
	},
	"__v": 0
}
{
	"_id": {
		"$oid": "5bfcee2e6afa23baed08fd99"
	},
	"Resub_count": 2,
	"Planet_name": "Shire",
	"First_time_sumbission": {
		"$date": "2018-11-22T14:22:00.000Z"
	},
	"Latest_submission_time": {
		"$date": "2018-11-25T05:31:00.000Z"
	},
	"Submission_type": "Resubmission",
	"Latest_active_time": {
		"$date": "2018-11-25T05:31:00.000Z"
	},
	"Student_name": "Suraj Subbarao",
	"Link": "https://classroom.google.com/u/0/c/MTk4NjY3MjQyNTFa/a/MTk4NjI5MzU4OTJa/submissions/by-status/and-sort-name/student/MTk4MjEwNjg5ODFa",
	"Assignment_name": "NB",
	"Student_id": "MTk4MjEwNjg5ODFa",
	"Done_status": 0,
	"turnAround": 0,
	"createdAt": {
		"$date": "2018-11-27T07:11:42.701Z"
	},
	"updatedAt": {
		"$date": "2018-11-27T07:11:42.701Z"
	},
	"__v": 0
}
{
	"_id": {
		"$oid": "5bfcee2f6afa23baed08fd9a"
	},
	"Resub_count": 5,
	"Planet_name": "sun",
	"First_time_sumbission": {
		"$date": "2018-11-07T19:41:00.000Z"
	},
	"Latest_submission_time": {
		"$date": "2018-11-25T06:33:00.000Z"
	},
	"Submission_type": "Resubmission",
	"Latest_active_time": {
		"$date": "2018-11-25T06:33:00.000Z"
	},
	"Student_name": "veerraj veer",
	"Link": "https://classroom.google.com/u/0/c/ODc4NzQxOTc0OFpa/a/MTE0NzU5MjAyMjJa/submissions/by-status/and-sort-name/student/MTE0NzU3NTMyMDla",
	"Assignment_name": "NB",
	"Student_id": "MTE0NzU3NTMyMDla",
	"Done_status": 0,
	"turnAround": 0,
	"createdAt": {
		"$date": "2018-11-27T07:11:43.040Z"
	},
	"updatedAt": {
		"$date": "2018-11-27T07:11:43.040Z"
	},
	"__v": 0
}
{
	"_id": {
		"$oid": "5bfcee2f6afa23baed08fd9b"
	},
	"Resub_count": 1,
	"Planet_name": "Mercury",
	"First_time_sumbission": {
		"$date": "2018-11-25T06:41:00.000Z"
	},
	"Latest_submission_time": {
		"$date": "2018-11-25T06:41:00.000Z"
	},
	"Submission_type": "New submission",
	"Latest_active_time": {
		"$date": "2018-11-25T06:41:00.000Z"
	},
	"Student_name": "Hariram K",
	"Link": "https://classroom.google.com/u/0/c/MTE4ODYyNjIwNDda/a/MTE4OTA1NTMwMjda/submissions/by-status/and-sort-name/student/MTIxMDU1MzcxNDNa",
	"Assignment_name": "HAB",
	"Student_id": "MTIxMDU1MzcxNDNa",
	"Done_status": 0,
	"turnAround": 0,
	"createdAt": {
		"$date": "2018-11-27T07:11:43.375Z"
	},
	"updatedAt": {
		"$date": "2018-11-27T07:11:43.375Z"
	},
	"__v": 0
}
{
	"_id": {
		"$oid": "5bfcee2f6afa23baed08fd9c"
	},
	"Resub_count": 1,
	"Planet_name": "Mars",
	"First_time_sumbission": {
		"$date": "2018-11-25T06:51:00.000Z"
	},
	"Latest_submission_time": {
		"$date": "2018-11-25T06:51:00.000Z"
	},
	"Submission_type": "New submission",
	"Latest_active_time": {
		"$date": "2018-11-25T06:51:00.000Z"
	},
	"Student_name": "Sai Macharla",
	"Link": "https://classroom.google.com/u/0/c/MTQ4NDA3NjAyMzRa/a/MTQ4NDA3Mjc3Mzha/submissions/by-status/and-sort-name/student/MTQ4NjcwODMxMTha",
	"Assignment_name": "SGD",
	"Student_id": "MTQ4NjcwODMxMTha",
	"Done_status": 0,
	"turnAround": 0,
	"createdAt": {
		"$date": "2018-11-27T07:11:43.709Z"
	},
	"updatedAt": {
		"$date": "2018-11-27T07:11:43.709Z"
	},
	"__v": 0
}
{
	"_id": {
		"$oid": "5bfcee2f6afa23baed08fd9d"
	},
	"Resub_count": 1,
	"Planet_name": "Mercury",
	"First_time_sumbission": {
		"$date": "2018-11-25T07:01:00.000Z"
	},
	"Latest_submission_time": {
		"$date": "2018-11-25T07:01:00.000Z"
	},
	"Submission_type": "New submission",
	"Latest_active_time": {
		"$date": "2018-11-25T07:01:00.000Z"
	},
	"Student_name": "Siddesh Hegde",
	"Link": "https://classroom.google.com/c/MTE4ODYyNjIwNDda/a/MTQ0NDk4NDY5Njha/submissions/by-status/and-sort-name/student/MTIwNjE4OTAyMzBa",
	"Assignment_name": "QUORA",
	"Student_id": "MTIwNjE4OTAyMzBa",
	"Done_status": 0,
	"turnAround": 0,
	"createdAt": {
		"$date": "2018-11-27T07:11:43.998Z"
	},
	"updatedAt": {
		"$date": "2018-11-27T07:11:43.998Z"
	},
	"__v": 0
}
{
	"_id": {
		"$oid": "5bfcee306afa23baed08fd9e"
	},
	"Resub_count": 1,
	"Planet_name": "Saturn",
	"First_time_sumbission": {
		"$date": "2018-11-25T07:55:00.000Z"
	},
	"Latest_submission_time": {
		"$date": "2018-11-25T07:55:00.000Z"
	},
	"Submission_type": "New submission",
	"Latest_active_time": {
		"$date": "2018-11-25T07:55:00.000Z"
	},
	"Student_name": "vinnu vinay",
	"Link": "https://classroom.google.com/u/0/c/MTQ5ODQwNjA0MzBa/a/MTQ5ODI0NTc3NTVa/submissions/by-status/and-sort-name/student/MTY1NDA4NzE4NDda",
	"Assignment_name": "SGD",
	"Student_id": "MTY1NDA4NzE4NDda",
	"Done_status": 0,
	"turnAround": 0,
	"createdAt": {
		"$date": "2018-11-27T07:11:44.307Z"
	},
	"updatedAt": {
		"$date": "2018-11-27T07:11:44.307Z"
	},
	"__v": 0
}
{
	"_id": {
		"$oid": "5bfcee306afa23baed08fd9f"
	},
	"Resub_count": 1,
	"Planet_name": "Jupiter",
	"First_time_sumbission": {
		"$date": "2018-11-25T08:02:00.000Z"
	},
	"Latest_submission_time": {
		"$date": "2018-11-25T08:02:00.000Z"
	},
	"Submission_type": "New submission",
	"Latest_active_time": {
		"$date": "2018-11-25T08:02:00.000Z"
	},
	"Student_name": "Badreesh Shetty",
	"Link": "https://classroom.google.com/u/0/c/MTQ4OTQ3NDMwMzFa/a/MTQ4OTQxMDM0MTZa/submissions/by-status/and-sort-name/student/MTQ0OTkwNzY1Nzla",
	"Assignment_name": "SVM",
	"Student_id": "MTQ0OTkwNzY1Nzla",
	"Done_status": 0,
	"turnAround": 0,
	"createdAt": {
		"$date": "2018-11-27T07:11:44.681Z"
	},
	"updatedAt": {
		"$date": "2018-11-27T07:11:44.681Z"
	},
	"__v": 0
}
{
	"_id": {
		"$oid": "5bfcee316afa23baed08fda0"
	},
	"Resub_count": 1,
	"Planet_name": "Shire",
	"First_time_sumbission": {
		"$date": "2018-11-25T08:03:00.000Z"
	},
	"Latest_submission_time": {
		"$date": "2018-11-25T08:03:00.000Z"
	},
	"Submission_type": "New submission",
	"Latest_active_time": {
		"$date": "2018-11-25T08:03:00.000Z"
	},
	"Student_name": "Siddharth Shashikar",
	"Link": "https://classroom.google.com/u/0/c/MTk4NjY3MjQyNTFa/a/MTk4NjY3MjQzMzla/submissions/by-status/and-sort-name/student/MjQ1ODE3MzgxMTJa",
	"Assignment_name": "OA2",
	"Student_id": "MjQ1ODE3MzgxMTJa",
	"Done_status": 0,
	"turnAround": 0,
	"createdAt": {
		"$date": "2018-11-27T07:11:45.018Z"
	},
	"updatedAt": {
		"$date": "2018-11-27T07:11:45.018Z"
	},
	"__v": 0
}
{
	"_id": {
		"$oid": "5bfcee316afa23baed08fda1"
	},
	"Resub_count": 1,
	"Planet_name": "Shire",
	"First_time_sumbission": {
		"$date": "2018-11-25T08:04:00.000Z"
	},
	"Latest_submission_time": {
		"$date": "2018-11-25T08:04:00.000Z"
	},
	"Submission_type": "New submission",
	"Latest_active_time": {
		"$date": "2018-11-25T08:04:00.000Z"
	},
	"Student_name": "Siddharth Shashikar",
	"Link": "https://classroom.google.com/u/0/c/MTk4NjY3MjQyNTFa/a/MTk4NjI5MzYwNTVa/submissions/by-status/and-sort-name/student/MjQ1ODE3MzgxMTJa",
	"Assignment_name": "OA1",
	"Student_id": "MjQ1ODE3MzgxMTJa",
	"Done_status": 0,
	"turnAround": 0,
	"createdAt": {
		"$date": "2018-11-27T07:11:45.358Z"
	},
	"updatedAt": {
		"$date": "2018-11-27T07:11:45.358Z"
	},
	"__v": 0
}
{
	"_id": {
		"$oid": "5bfcee316afa23baed08fda2"
	},
	"Resub_count": 3,
	"Planet_name": "Earth",
	"First_time_sumbission": {
		"$date": "2018-11-22T18:00:00.000Z"
	},
	"Latest_submission_time": {
		"$date": "2018-11-25T08:08:00.000Z"
	},
	"Submission_type": "Resubmission",
	"Latest_active_time": {
		"$date": "2018-11-25T08:08:00.000Z"
	},
	"Student_name": "pavan kandru",
	"Link": "https://classroom.google.com/u/0/c/MTQ3MjE0Njg0NTla/a/MTQ3MjEyODE0NzNa/submissions/by-status/and-sort-name/student/MTQ3OTU0MDg5MTFa",
	"Assignment_name": "KMEAN",
	"Student_id": "MTQ3OTU0MDg5MTFa",
	"Done_status": 0,
	"turnAround": 0,
	"createdAt": {
		"$date": "2018-11-27T07:11:45.687Z"
	},
	"updatedAt": {
		"$date": "2018-11-27T07:11:45.687Z"
	},
	"__v": 0
}
{
	"_id": {
		"$oid": "5bfcee326afa23baed08fda3"
	},
	"Resub_count": 1,
	"Planet_name": "Shire",
	"First_time_sumbission": {
		"$date": "2018-11-25T08:49:00.000Z"
	},
	"Latest_submission_time": {
		"$date": "2018-11-25T08:49:00.000Z"
	},
	"Submission_type": "New submission",
	"Latest_active_time": {
		"$date": "2018-11-25T08:49:00.000Z"
	},
	"Student_name": "Debdut Mukherjee",
	"Link": "https://classroom.google.com/u/0/c/MTk4NjY3MjQyNTFa/a/MTk4NjY3MjQyNjJa/submissions/by-status/and-sort-name/student/MjAwNzE4Mzc2NDVa",
	"Assignment_name": "HAB",
	"Student_id": "MjAwNzE4Mzc2NDVa",
	"Done_status": 0,
	"turnAround": 0,
	"createdAt": {
		"$date": "2018-11-27T07:11:46.029Z"
	},
	"updatedAt": {
		"$date": "2018-11-27T07:11:46.029Z"
	},
	"__v": 0
}
{
	"_id": {
		"$oid": "5bfcee326afa23baed08fda4"
	},
	"Resub_count": 3,
	"Planet_name": "Pluto",
	"First_time_sumbission": {
		"$date": "2018-11-24T04:24:00.000Z"
	},
	"Latest_submission_time": {
		"$date": "2018-11-25T09:24:00.000Z"
	},
	"Submission_type": "Resubmission",
	"Latest_active_time": {
		"$date": "2018-11-25T09:24:00.000Z"
	},
	"Student_name": "Saurav Kumar",
	"Link": "https://classroom.google.com/u/0/c/MTczMTEyNDg1NzFa/a/MTczNDQ5MzI3Mjla/submissions/by-status/and-sort-name/student/MTk0OTYxMjY3NDha",
	"Assignment_name": "LR",
	"Student_id": "MTk0OTYxMjY3NDha",
	"Done_status": 0,
	"turnAround": 0,
	"createdAt": {
		"$date": "2018-11-27T07:11:46.360Z"
	},
	"updatedAt": {
		"$date": "2018-11-27T07:11:46.360Z"
	},
	"__v": 0
}
{
	"_id": {
		"$oid": "5bfcee326afa23baed08fda5"
	},
	"Resub_count": 2,
	"Planet_name": "Shire",
	"First_time_sumbission": {
		"$date": "2018-11-23T06:10:00.000Z"
	},
	"Latest_submission_time": {
		"$date": "2018-11-25T09:53:00.000Z"
	},
	"Submission_type": "Resubmission",
	"Latest_active_time": {
		"$date": "2018-11-25T09:53:00.000Z"
	},
	"Student_name": "Pavan A",
	"Link": "https://classroom.google.com/u/0/c/MTk4NjY3MjQyNTFa/a/MTk4NjY3MjQyNjJa/submissions/by-status/and-sort-name/student/MjAxNTk2NjQ5MjNa",
	"Assignment_name": "HAB",
	"Student_id": "MjAxNTk2NjQ5MjNa",
	"Done_status": 0,
	"turnAround": 0,
	"createdAt": {
		"$date": "2018-11-27T07:11:46.692Z"
	},
	"updatedAt": {
		"$date": "2018-11-27T07:11:46.692Z"
	},
	"__v": 0
}
{
	"_id": {
		"$oid": "5bfcee336afa23baed08fda6"
	},
	"Resub_count": 3,
	"Planet_name": "Pluto",
	"First_time_sumbission": {
		"$date": "2018-11-20T09:07:00.000Z"
	},
	"Latest_submission_time": {
		"$date": "2018-11-25T10:34:00.000Z"
	},
	"Submission_type": "Resubmission",
	"Latest_active_time": {
		"$date": "2018-11-25T10:34:00.000Z"
	},
	"Student_name": "sanil thakur",
	"Link": "https://classroom.google.com/u/0/c/MTczMTEyNDg1NzFa/a/MTczMTEyNDg1ODda/submissions/by-status/and-sort-name/student/MTk4ODQ1NjgzNzRa",
	"Assignment_name": "HAB",
	"Student_id": "MTk4ODQ1NjgzNzRa",
	"Done_status": 0,
	"turnAround": 0,
	"createdAt": {
		"$date": "2018-11-27T07:11:47.036Z"
	},
	"updatedAt": {
		"$date": "2018-11-27T07:11:47.036Z"
	},
	"__v": 0
}
{
	"_id": {
		"$oid": "5bfcee336afa23baed08fda7"
	},
	"Resub_count": 1,
	"Planet_name": "Mars",
	"First_time_sumbission": {
		"$date": "2018-11-25T10:36:00.000Z"
	},
	"Latest_submission_time": {
		"$date": "2018-11-25T10:36:00.000Z"
	},
	"Submission_type": "New submission",
	"Latest_active_time": {
		"$date": "2018-11-25T10:36:00.000Z"
	},
	"Student_name": "bhishm sharma",
	"Link": "https://classroom.google.com/u/0/c/MTQ4NDA3NjAyMzRa/a/MTQ4NDA0NTgxMDRa/submissions/by-status/and-sort-name/student/MTQ4NTg5MDA2OTZa",
	"Assignment_name": "LR",
	"Student_id": "MTQ4NTg5MDA2OTZa",
	"Done_status": 0,
	"turnAround": 0,
	"createdAt": {
		"$date": "2018-11-27T07:11:47.329Z"
	},
	"updatedAt": {
		"$date": "2018-11-27T07:11:47.329Z"
	},
	"__v": 0
}
{
	"_id": {
		"$oid": "5bfcee336afa23baed08fda8"
	},
	"Resub_count": 1,
	"Planet_name": "Pluto",
	"First_time_sumbission": {
		"$date": "2018-11-25T10:49:00.000Z"
	},
	"Latest_submission_time": {
		"$date": "2018-11-25T10:49:00.000Z"
	},
	"Submission_type": "New submission",
	"Latest_active_time": {
		"$date": "2018-11-25T10:49:00.000Z"
	},
	"Student_name": "/100No gradeEstigfend",
	"Link": "https://classroom.google.com/u/0/c/MTczMTEyNDg1NzFa/a/MTczMTEyNDg1ODda/submissions/by-status/and-sort-name/student/MTczNTc5NDk4OTVa",
	"Assignment_name": "HAB",
	"Student_id": "MTczNTc5NDk4OTVa",
	"Done_status": 0,
	"turnAround": 0,
	"createdAt": {
		"$date": "2018-11-27T07:11:47.649Z"
	},
	"updatedAt": {
		"$date": "2018-11-27T07:11:47.649Z"
	},
	"__v": 0
}
{
	"_id": {
		"$oid": "5bfcee336afa23baed08fda9"
	},
	"Resub_count": 1,
	"Planet_name": "Uranus",
	"First_time_sumbission": {
		"$date": "2018-11-25T11:03:00.000Z"
	},
	"Latest_submission_time": {
		"$date": "2018-11-25T11:03:00.000Z"
	},
	"Submission_type": "New submission",
	"Latest_active_time": {
		"$date": "2018-11-25T11:03:00.000Z"
	},
	"Student_name": "Venkatesh Dudipallu",
	"Link": "https://classroom.google.com/u/0/c/MTY1NzY5NjU4MzFa/a/MTY1NzgwNDg2OTRa/submissions/by-status/and-sort-name/student/MTUwNzg4NTYxMTRa",
	"Assignment_name": "KNN",
	"Student_id": "MTUwNzg4NTYxMTRa",
	"Done_status": 0,
	"turnAround": 0,
	"createdAt": {
		"$date": "2018-11-27T07:11:47.961Z"
	},
	"updatedAt": {
		"$date": "2018-11-27T07:11:47.961Z"
	},
	"__v": 0
}
{
	"_id": {
		"$oid": "5bfcee346afa23baed08fdaa"
	},
	"Resub_count": 1,
	"Planet_name": "Uranus",
	"First_time_sumbission": {
		"$date": "2018-11-25T11:15:00.000Z"
	},
	"Latest_submission_time": {
		"$date": "2018-11-25T11:15:00.000Z"
	},
	"Submission_type": "New submission",
	"Latest_active_time": {
		"$date": "2018-11-25T11:15:00.000Z"
	},
	"Student_name": "Venkatesh Dudipallu",
	"Link": "https://classroom.google.com/u/0/c/MTY1NzY5NjU4MzFa/a/MTY1Nzc2OTgxODla/submissions/by-status/and-sort-name/student/MTUwNzg4NTYxMTRa",
	"Assignment_name": "DT",
	"Student_id": "MTUwNzg4NTYxMTRa",
	"Done_status": 0,
	"turnAround": 0,
	"createdAt": {
		"$date": "2018-11-27T07:11:48.300Z"
	},
	"updatedAt": {
		"$date": "2018-11-27T07:11:48.300Z"
	},
	"__v": 0
}
{
	"_id": {
		"$oid": "5bfcee346afa23baed08fdab"
	},
	"Resub_count": 2,
	"Planet_name": "Pluto",
	"First_time_sumbission": {
		"$date": "2018-11-07T07:18:00.000Z"
	},
	"Latest_submission_time": {
		"$date": "2018-11-25T11:16:00.000Z"
	},
	"Submission_type": "Resubmission",
	"Latest_active_time": {
		"$date": "2018-11-25T11:16:00.000Z"
	},
	"Student_name": "Kotha Saideshwar",
	"Link": "https://classroom.google.com/u/0/c/MTczMTEyNDg1NzFa/a/MTczMTEyNDg1OTla/submissions/by-status/and-sort-name/student/MTc0MzgyOTUxMjla",
	"Assignment_name": "KNN",
	"Student_id": "MTc0MzgyOTUxMjla",
	"Done_status": 0,
	"turnAround": 0,
	"createdAt": {
		"$date": "2018-11-27T07:11:48.651Z"
	},
	"updatedAt": {
		"$date": "2018-11-27T07:11:48.651Z"
	},
	"__v": 0
}
{
	"_id": {
		"$oid": "5bfcee346afa23baed08fdac"
	},
	"Resub_count": 1,
	"Planet_name": "Jupiter",
	"First_time_sumbission": {
		"$date": "2018-11-25T11:16:00.000Z"
	},
	"Latest_submission_time": {
		"$date": "2018-11-25T11:16:00.000Z"
	},
	"Submission_type": "New submission",
	"Latest_active_time": {
		"$date": "2018-11-25T11:16:00.000Z"
	},
	"Student_name": "Rijuta Ghosh",
	"Link": "https://classroom.google.com/u/0/c/MTQ4OTQ3NDMwMzFa/a/MTQ4OTM4NzYzNTha/submissions/by-status/and-sort-name/student/MTQ5NTk5MDExNzha",
	"Assignment_name": "HAB",
	"Student_id": "MTQ5NTk5MDExNzha",
	"Done_status": 0,
	"turnAround": 0,
	"createdAt": {
		"$date": "2018-11-27T07:11:48.953Z"
	},
	"updatedAt": {
		"$date": "2018-11-27T07:11:48.953Z"
	},
	"__v": 0
}
{
	"_id": {
		"$oid": "5bfcee356afa23baed08fdad"
	},
	"Resub_count": 1,
	"Planet_name": "Uranus",
	"First_time_sumbission": {
		"$date": "2018-11-25T11:23:00.000Z"
	},
	"Latest_submission_time": {
		"$date": "2018-11-25T11:23:00.000Z"
	},
	"Submission_type": "New submission",
	"Latest_active_time": {
		"$date": "2018-11-25T11:23:00.000Z"
	},
	"Student_name": "Venkatesh Dudipallu",
	"Link": "https://classroom.google.com/u/0/c/MTY1NzY5NjU4MzFa/a/MTY1Nzc0MTA5MTFa/submissions/by-status/and-sort-name/student/MTUwNzg4NTYxMTRa",
	"Assignment_name": "NB",
	"Student_id": "MTUwNzg4NTYxMTRa",
	"Done_status": 0,
	"turnAround": 0,
	"createdAt": {
		"$date": "2018-11-27T07:11:49.276Z"
	},
	"updatedAt": {
		"$date": "2018-11-27T07:11:49.276Z"
	},
	"__v": 0
}
{
	"_id": {
		"$oid": "5bfcee356afa23baed08fdae"
	},
	"Resub_count": 1,
	"Planet_name": "Shire",
	"First_time_sumbission": {
		"$date": "2018-11-25T11:27:00.000Z"
	},
	"Latest_submission_time": {
		"$date": "2018-11-25T11:27:00.000Z"
	},
	"Submission_type": "New submission",
	"Latest_active_time": {
		"$date": "2018-11-25T11:27:00.000Z"
	},
	"Student_name": "Vamsi krishna Pamarthi",
	"Link": "https://classroom.google.com/u/0/c/MTk4NjY3MjQyNTFa/a/MTk4NjI5MzU4ODda/submissions/by-status/and-sort-name/student/MjAwMTEzNjMzMzha",
	"Assignment_name": "TSNE",
	"Student_id": "MjAwMTEzNjMzMzha",
	"Done_status": 0,
	"turnAround": 0,
	"createdAt": {
		"$date": "2018-11-27T07:11:49.584Z"
	},
	"updatedAt": {
		"$date": "2018-11-27T07:11:49.584Z"
	},
	"__v": 0
}
{
	"_id": {
		"$oid": "5bfcee356afa23baed08fdaf"
	},
	"Resub_count": 2,
	"Planet_name": "Pluto",
	"First_time_sumbission": {
		"$date": "2018-11-23T15:38:00.000Z"
	},
	"Latest_submission_time": {
		"$date": "2018-11-25T11:41:00.000Z"
	},
	"Submission_type": "Resubmission",
	"Latest_active_time": {
		"$date": "2018-11-25T11:41:00.000Z"
	},
	"Student_name": "Vikas K",
	"Link": "https://classroom.google.com/u/0/c/MTczMTEyNDg1NzFa/a/MTczNDQ5MzI3Mjla/submissions/by-status/and-sort-name/student/MTI4MjYyNjQwNDRa",
	"Assignment_name": "LR",
	"Student_id": "MTI4MjYyNjQwNDRa",
	"Done_status": 0,
	"turnAround": 0,
	"createdAt": {
		"$date": "2018-11-27T07:11:49.888Z"
	},
	"updatedAt": {
		"$date": "2018-11-27T07:11:49.888Z"
	},
	"__v": 0
}
{
	"_id": {
		"$oid": "5bfcee366afa23baed08fdb0"
	},
	"Resub_count": 1,
	"Planet_name": "Shire",
	"First_time_sumbission": {
		"$date": "2018-11-25T12:16:00.000Z"
	},
	"Latest_submission_time": {
		"$date": "2018-11-25T12:16:00.000Z"
	},
	"Submission_type": "New submission",
	"Latest_active_time": {
		"$date": "2018-11-25T12:16:00.000Z"
	},
	"Student_name": "Shridhar Galande",
	"Link": "https://classroom.google.com/u/0/c/MTk4NjY3MjQyNTFa/a/MTk4NjI5MzU4OTJa/submissions/by-status/and-sort-name/student/MTA0MzE3NDE3ODRa",
	"Assignment_name": "NB",
	"Student_id": "MTA0MzE3NDE3ODRa",
	"Done_status": 0,
	"turnAround": 0,
	"createdAt": {
		"$date": "2018-11-27T07:11:50.199Z"
	},
	"updatedAt": {
		"$date": "2018-11-27T07:11:50.199Z"
	},
	"__v": 0
}
{
	"_id": {
		"$oid": "5bfcee366afa23baed08fdb1"
	},
	"Resub_count": 1,
	"Planet_name": "Jupiter",
	"First_time_sumbission": {
		"$date": "2018-11-25T13:16:00.000Z"
	},
	"Latest_submission_time": {
		"$date": "2018-11-25T13:16:00.000Z"
	},
	"Submission_type": "New submission",
	"Latest_active_time": {
		"$date": "2018-11-25T13:16:00.000Z"
	},
	"Student_name": "Mohith sai",
	"Link": "https://classroom.google.com/u/0/c/MTQ4OTQ3NDMwMzFa/a/MTQ4OTQ1MTA3NzFa/submissions/by-status/and-sort-name/student/MTQ5MDY5Njk1NjNa",
	"Assignment_name": "KNN",
	"Student_id": "MTQ5MDY5Njk1NjNa",
	"Done_status": 0,
	"turnAround": 0,
	"createdAt": {
		"$date": "2018-11-27T07:11:50.539Z"
	},
	"updatedAt": {
		"$date": "2018-11-27T07:11:50.539Z"
	},
	"__v": 0
}
{
	"_id": {
		"$oid": "5bfcee366afa23baed08fdb2"
	},
	"Resub_count": 3,
	"Planet_name": "Mars",
	"First_time_sumbission": {
		"$date": "2018-11-22T14:12:00.000Z"
	},
	"Latest_submission_time": {
		"$date": "2018-11-25T13:18:00.000Z"
	},
	"Submission_type": "Resubmission",
	"Latest_active_time": {
		"$date": "2018-11-25T13:18:00.000Z"
	},
	"Student_name": "iyappan s",
	"Link": "https://classroom.google.com/u/0/c/MTQ4NDA3NjAyMzRa/a/MTQ4NDA3Mjc3Mzha/submissions/by-status/and-sort-name/student/MTQ4ODU2NzkxMTJa",
	"Assignment_name": "SGD",
	"Student_id": "MTQ4ODU2NzkxMTJa",
	"Done_status": 0,
	"turnAround": 0,
	"createdAt": {
		"$date": "2018-11-27T07:11:50.890Z"
	},
	"updatedAt": {
		"$date": "2018-11-27T07:11:50.890Z"
	},
	"__v": 0
}
{
	"_id": {
		"$oid": "5bfcee376afa23baed08fdb3"
	},
	"Resub_count": 4,
	"Planet_name": "Saturn",
	"First_time_sumbission": {
		"$date": "2018-11-22T12:42:00.000Z"
	},
	"Latest_submission_time": {
		"$date": "2018-11-25T13:47:00.000Z"
	},
	"Submission_type": "Resubmission",
	"Latest_active_time": {
		"$date": "2018-11-25T13:47:00.000Z"
	},
	"Student_name": "Sunita Choudhary",
	"Link": "https://classroom.google.com/u/0/c/MTQ5ODQwNjA0MzBa/a/MTQ5ODAxNzM0ODJa/submissions/by-status/and-sort-name/student/MTQ5OTc3MzE5OTZa",
	"Assignment_name": "DT",
	"Student_id": "MTQ5OTc3MzE5OTZa",
	"Done_status": 0,
	"turnAround": 0,
	"createdAt": {
		"$date": "2018-11-27T07:11:51.260Z"
	},
	"updatedAt": {
		"$date": "2018-11-27T07:11:51.260Z"
	},
	"__v": 0
}
{
	"_id": {
		"$oid": "5bfcee376afa23baed08fdb4"
	},
	"Resub_count": 3,
	"Planet_name": "sun",
	"First_time_sumbission": {
		"$date": "2018-11-20T21:10:00.000Z"
	},
	"Latest_submission_time": {
		"$date": "2018-11-25T14:52:00.000Z"
	},
	"Submission_type": "Resubmission",
	"Latest_active_time": {
		"$date": "2018-11-25T14:52:00.000Z"
	},
	"Student_name": "shrikant pandey",
	"Link": "https://classroom.google.com/c/ODc4NzQxOTc0OFpa/a/MTQ1NjgxMzM4MjFa/submissions/by-status/and-sort-name/student/MTA1MTg0MjY5NDJa",
	"Assignment_name": "SELF-DRIVING",
	"Student_id": "MTA1MTg0MjY5NDJa",
	"Done_status": 0,
	"turnAround": 0,
	"createdAt": {
		"$date": "2018-11-27T07:11:51.602Z"
	},
	"updatedAt": {
		"$date": "2018-11-27T07:11:51.602Z"
	},
	"__v": 0
}
{
	"_id": {
		"$oid": "5bfcee376afa23baed08fdb5"
	},
	"Resub_count": 1,
	"Planet_name": "Mars",
	"First_time_sumbission": {
		"$date": "2018-11-25T15:17:00.000Z"
	},
	"Latest_submission_time": {
		"$date": "2018-11-25T15:17:00.000Z"
	},
	"Submission_type": "New submission",
	"Latest_active_time": {
		"$date": "2018-11-25T15:17:00.000Z"
	},
	"Student_name": "Noor Basha",
	"Link": "https://classroom.google.com/u/0/c/MTQ4NDA3NjAyMzRa/a/MTQ4NDA0NTU0MTVa/submissions/by-status/and-sort-name/student/MTQ4ODg2MjgyNDBa",
	"Assignment_name": "HAB",
	"Student_id": "MTQ4ODg2MjgyNDBa",
	"Done_status": 0,
	"turnAround": 0,
	"createdAt": {
		"$date": "2018-11-27T07:11:51.937Z"
	},
	"updatedAt": {
		"$date": "2018-11-27T07:11:51.937Z"
	},
	"__v": 0
}
{
	"_id": {
		"$oid": "5bfcee386afa23baed08fdb6"
	},
	"Resub_count": 1,
	"Planet_name": "Pluto",
	"First_time_sumbission": {
		"$date": "2018-11-25T15:33:00.000Z"
	},
	"Latest_submission_time": {
		"$date": "2018-11-25T15:33:00.000Z"
	},
	"Submission_type": "New submission",
	"Latest_active_time": {
		"$date": "2018-11-25T15:33:00.000Z"
	},
	"Student_name": "Sriganesh .B",
	"Link": "https://classroom.google.com/u/0/c/MTczMTEyNDg1NzFa/a/MTczNDQ5MzI3MzRa/submissions/by-status/and-sort-name/student/MTk1MDI2MDY3MjJa",
	"Assignment_name": "SGD",
	"Student_id": "MTk1MDI2MDY3MjJa",
	"Done_status": 0,
	"turnAround": 0,
	"createdAt": {
		"$date": "2018-11-27T07:11:52.250Z"
	},
	"updatedAt": {
		"$date": "2018-11-27T07:11:52.250Z"
	},
	"__v": 0
}
{
	"_id": {
		"$oid": "5bfcee386afa23baed08fdb7"
	},
	"Resub_count": 3,
	"Planet_name": "Saturn",
	"First_time_sumbission": {
		"$date": "2018-11-18T15:31:00.000Z"
	},
	"Latest_submission_time": {
		"$date": "2018-11-25T15:44:00.000Z"
	},
	"Submission_type": "Resubmission",
	"Latest_active_time": {
		"$date": "2018-11-25T15:44:00.000Z"
	},
	"Student_name": "dipankar bhowmik",
	"Link": "https://classroom.google.com/u/0/c/MTQ5ODQwNjA0MzBa/a/MTQ5ODM0NzQwNjFa/submissions/by-status/and-sort-name/student/MTY0NDM2MDQxMTJa",
	"Assignment_name": "NB",
	"Student_id": "MTY0NDM2MDQxMTJa",
	"Done_status": 0,
	"turnAround": 0,
	"createdAt": {
		"$date": "2018-11-27T07:11:52.553Z"
	},
	"updatedAt": {
		"$date": "2018-11-27T07:11:52.553Z"
	},
	"__v": 0
}
{
	"_id": {
		"$oid": "5bfcee386afa23baed08fdb8"
	},
	"Resub_count": 3,
	"Planet_name": "Saturn",
	"First_time_sumbission": {
		"$date": "2018-10-28T16:58:00.000Z"
	},
	"Latest_submission_time": {
		"$date": "2018-11-25T15:45:00.000Z"
	},
	"Submission_type": "Resubmission",
	"Latest_active_time": {
		"$date": "2018-11-25T15:45:00.000Z"
	},
	"Student_name": "SAIKAT GOSWAMI",
	"Link": "https://classroom.google.com/u/0/c/MTQ5ODQwNjA0MzBa/a/MTQ5ODQxMzgxMjZa/submissions/by-status/and-sort-name/student/MTY1MTA0MTM0MTZa",
	"Assignment_name": "KNN",
	"Student_id": "MTY1MTA0MTM0MTZa",
	"Done_status": 0,
	"turnAround": 0,
	"createdAt": {
		"$date": "2018-11-27T07:11:52.853Z"
	},
	"updatedAt": {
		"$date": "2018-11-27T07:11:52.853Z"
	},
	"__v": 0
}
{
	"_id": {
		"$oid": "5bfcee396afa23baed08fdb9"
	},
	"Resub_count": 1,
	"Planet_name": "Saturn",
	"First_time_sumbission": {
		"$date": "2018-11-25T15:47:00.000Z"
	},
	"Latest_submission_time": {
		"$date": "2018-11-25T15:47:00.000Z"
	},
	"Submission_type": "New submission",
	"Latest_active_time": {
		"$date": "2018-11-25T15:47:00.000Z"
	},
	"Student_name": "Sunita Choudhary",
	"Link": "https://classroom.google.com/u/0/c/MTQ5ODQwNjA0MzBa/a/MTQ5ODQwNzQ1ODNa/submissions/by-status/and-sort-name/student/MTQ5OTc3MzE5OTZa",
	"Assignment_name": "SVM",
	"Student_id": "MTQ5OTc3MzE5OTZa",
	"Done_status": 0,
	"turnAround": 0,
	"createdAt": {
		"$date": "2018-11-27T07:11:53.149Z"
	},
	"updatedAt": {
		"$date": "2018-11-27T07:11:53.149Z"
	},
	"__v": 0
}
{
	"_id": {
		"$oid": "5bfcee396afa23baed08fdba"
	},
	"Resub_count": 2,
	"Planet_name": "sun",
	"First_time_sumbission": {
		"$date": "2018-11-16T14:52:00.000Z"
	},
	"Latest_submission_time": {
		"$date": "2018-11-25T16:19:00.000Z"
	},
	"Submission_type": "Resubmission",
	"Latest_active_time": {
		"$date": "2018-11-25T16:19:00.000Z"
	},
	"Student_name": "Sagar Gauda",
	"Link": "https://classroom.google.com/u/0/c/ODc4NzQxOTc0OFpa/a/ODc4ODYwNTA2NVpa/submissions/by-status/and-sort-name/student/MTE3MjczNTM5MTFa",
	"Assignment_name": "HAB",
	"Student_id": "MTE3MjczNTM5MTFa",
	"Done_status": 0,
	"turnAround": 0,
	"createdAt": {
		"$date": "2018-11-27T07:11:53.454Z"
	},
	"updatedAt": {
		"$date": "2018-11-27T07:11:53.454Z"
	},
	"__v": 0
}
{
	"_id": {
		"$oid": "5bfcee396afa23baed08fdbb"
	},
	"Resub_count": 1,
	"Planet_name": "sun",
	"First_time_sumbission": {
		"$date": "2018-11-25T16:21:00.000Z"
	},
	"Latest_submission_time": {
		"$date": "2018-11-25T16:21:00.000Z"
	},
	"Submission_type": "New submission",
	"Latest_active_time": {
		"$date": "2018-11-25T16:21:00.000Z"
	},
	"Student_name": "Sagar Gauda",
	"Link": "https://classroom.google.com/u/0/c/ODc4NzQxOTc0OFpa/a/MTAzMzAwNjkzNjRa/submissions/by-status/and-sort-name/student/MTE3MjczNTM5MTFa",
	"Assignment_name": "TSNE",
	"Student_id": "MTE3MjczNTM5MTFa",
	"Done_status": 0,
	"turnAround": 0,
	"createdAt": {
		"$date": "2018-11-27T07:11:53.757Z"
	},
	"updatedAt": {
		"$date": "2018-11-27T07:11:53.757Z"
	},
	"__v": 0
}
{
	"_id": {
		"$oid": "5bfcee3a6afa23baed08fdbc"
	},
	"Resub_count": 2,
	"Planet_name": "Earth",
	"First_time_sumbission": {
		"$date": "2018-07-28T11:07:00.000Z"
	},
	"Latest_submission_time": {
		"$date": "2018-11-25T16:30:00.000Z"
	},
	"Submission_type": "Resubmission",
	"Latest_active_time": {
		"$date": "2018-11-25T16:30:00.000Z"
	},
	"Student_name": "pamarthi phaneendra",
	"Link": "https://classroom.google.com/u/0/c/MTQ3MjE0Njg0NTla/a/MTQ3MjAzODY5ODNa/submissions/by-status/and-sort-name/student/MTQ3NTEwMzk5OTNa",
	"Assignment_name": "HAB",
	"Student_id": "MTQ3NTEwMzk5OTNa",
	"Done_status": 0,
	"turnAround": 0,
	"createdAt": {
		"$date": "2018-11-27T07:11:54.088Z"
	},
	"updatedAt": {
		"$date": "2018-11-27T07:11:54.088Z"
	},
	"__v": 0
}
{
	"_id": {
		"$oid": "5bfcee3a6afa23baed08fdbd"
	},
	"Resub_count": 2,
	"Planet_name": "Pluto",
	"First_time_sumbission": {
		"$date": "2018-11-23T16:54:00.000Z"
	},
	"Latest_submission_time": {
		"$date": "2018-11-25T16:34:00.000Z"
	},
	"Submission_type": "Resubmission",
	"Latest_active_time": {
		"$date": "2018-11-25T16:34:00.000Z"
	},
	"Student_name": "Sumanth Kommu",
	"Link": "https://classroom.google.com/u/0/c/MTczMTEyNDg1NzFa/a/MTczNDM2MTc3NDBa/submissions/by-status/and-sort-name/student/MTk2Njk5MzUyMTVa",
	"Assignment_name": "DT",
	"Student_id": "MTk2Njk5MzUyMTVa",
	"Done_status": 0,
	"turnAround": 0,
	"createdAt": {
		"$date": "2018-11-27T07:11:54.380Z"
	},
	"updatedAt": {
		"$date": "2018-11-27T07:11:54.380Z"
	},
	"__v": 0
}
{
	"_id": {
		"$oid": "5bfcee3a6afa23baed08fdbe"
	},
	"Resub_count": 1,
	"Planet_name": "Venus",
	"First_time_sumbission": {
		"$date": "2018-11-25T16:56:00.000Z"
	},
	"Latest_submission_time": {
		"$date": "2018-11-25T16:56:00.000Z"
	},
	"Submission_type": "New submission",
	"Latest_active_time": {
		"$date": "2018-11-25T16:56:00.000Z"
	},
	"Student_name": "sai madhav",
	"Link": "https://classroom.google.com/u/0/c/MTQzNjMxNzIxMTBa/a/MTQ0NDk1MDc0Nzda/submissions/by-status/and-sort-name/student/NjQ0MjM2ODMxN1pa",
	"Assignment_name": "SVM",
	"Student_id": "NjQ0MjM2ODMxN1pa",
	"Done_status": 0,
	"turnAround": 0,
	"createdAt": {
		"$date": "2018-11-27T07:11:54.683Z"
	},
	"updatedAt": {
		"$date": "2018-11-27T07:11:54.683Z"
	},
	"__v": 0
}
{
	"_id": {
		"$oid": "5bfcee3a6afa23baed08fdbf"
	},
	"Resub_count": 1,
	"Planet_name": "Shire",
	"First_time_sumbission": {
		"$date": "2018-11-25T17:09:00.000Z"
	},
	"Latest_submission_time": {
		"$date": "2018-11-25T17:09:00.000Z"
	},
	"Submission_type": "New submission",
	"Latest_active_time": {
		"$date": "2018-11-25T17:09:00.000Z"
	},
	"Student_name": "debaritra chatterjee",
	"Link": "https://classroom.google.com/u/0/c/MTk4NjY3MjQyNTFa/a/MTk4NjY3MjQyNjJa/submissions/by-status/and-sort-name/student/MjQ1ODIxMzI0MTha",
	"Assignment_name": "HAB",
	"Student_id": "MjQ1ODIxMzI0MTha",
	"Done_status": 0,
	"turnAround": 0,
	"createdAt": {
		"$date": "2018-11-27T07:11:54.994Z"
	},
	"updatedAt": {
		"$date": "2018-11-27T07:11:54.994Z"
	},
	"__v": 0
}
{
	"_id": {
		"$oid": "5bfcee3b6afa23baed08fdc0"
	},
	"Resub_count": 2,
	"Planet_name": "Uranus",
	"First_time_sumbission": {
		"$date": "2018-11-25T07:16:00.000Z"
	},
	"Latest_submission_time": {
		"$date": "2018-11-25T17:33:00.000Z"
	},
	"Submission_type": "New submission",
	"Latest_active_time": {
		"$date": "2018-11-25T17:33:00.000Z"
	},
	"Student_name": "Suhan Srikanth",
	"Link": "https://classroom.google.com/u/0/c/MTY1NzY5NjU4MzFa/a/MTY1Nzc3NjAxNzNa/submissions/by-status/and-sort-name/student/MTY5MTgyNDMzNDda",
	"Assignment_name": "SVM",
	"Student_id": "MTY5MTgyNDMzNDda",
	"Done_status": 0,
	"turnAround": 0,
	"createdAt": {
		"$date": "2018-11-27T07:11:55.291Z"
	},
	"updatedAt": {
		"$date": "2018-11-27T07:11:55.291Z"
	},
	"__v": 0
}
{
	"_id": {
		"$oid": "5bfcee3b6afa23baed08fdc1"
	},
	"Resub_count": 3,
	"Planet_name": "Uranus",
	"First_time_sumbission": {
		"$date": "2018-11-19T17:41:00.000Z"
	},
	"Latest_submission_time": {
		"$date": "2018-11-25T17:58:00.000Z"
	},
	"Submission_type": "Resubmission",
	"Latest_active_time": {
		"$date": "2018-11-25T17:58:00.000Z"
	},
	"Student_name": "Manushi Sharma",
	"Link": "https://classroom.google.com/u/0/c/MTY1NzY5NjU4MzFa/a/MTY1NzgwNDg2OTRa/submissions/by-status/and-sort-name/student/MTY2MzQxMzMxNjVa",
	"Assignment_name": "KNN",
	"Student_id": "MTY2MzQxMzMxNjVa",
	"Done_status": 0,
	"turnAround": 0,
	"createdAt": {
		"$date": "2018-11-27T07:11:55.586Z"
	},
	"updatedAt": {
		"$date": "2018-11-27T07:11:55.586Z"
	},
	"__v": 0
}
{
	"_id": {
		"$oid": "5bfcee3b6afa23baed08fdc2"
	},
	"Resub_count": 1,
	"Planet_name": "Pluto",
	"First_time_sumbission": {
		"$date": "2018-11-25T18:02:00.000Z"
	},
	"Latest_submission_time": {
		"$date": "2018-11-25T18:02:00.000Z"
	},
	"Submission_type": "New submission",
	"Latest_active_time": {
		"$date": "2018-11-25T18:02:00.000Z"
	},
	"Student_name": "Piyush Bhartiya",
	"Link": "https://classroom.google.com/u/0/c/MTczMTEyNDg1NzFa/a/MTczMTEyNDg1OTla/submissions/by-status/and-sort-name/student/NjEyODYyNzU0MFpa",
	"Assignment_name": "KNN",
	"Student_id": "NjEyODYyNzU0MFpa",
	"Done_status": 0,
	"turnAround": 0,
	"createdAt": {
		"$date": "2018-11-27T07:11:55.889Z"
	},
	"updatedAt": {
		"$date": "2018-11-27T07:11:55.889Z"
	},
	"__v": 0
}
{
	"_id": {
		"$oid": "5bfcee3c6afa23baed08fdc3"
	},
	"Resub_count": 2,
	"Planet_name": "Earth",
	"First_time_sumbission": {
		"$date": "2018-11-08T10:59:00.000Z"
	},
	"Latest_submission_time": {
		"$date": "2018-11-25T18:26:00.000Z"
	},
	"Submission_type": "Resubmission",
	"Latest_active_time": {
		"$date": "2018-11-25T18:26:00.000Z"
	},
	"Student_name": "K Kk",
	"Link": "https://classroom.google.com/u/0/c/MTQ3MjE0Njg0NTla/a/MTQ3MjE1ODUyMzda/submissions/by-status/and-sort-name/student/MTQ3NDU3NzkxMzJa",
	"Assignment_name": "KNN",
	"Student_id": "MTQ3NDU3NzkxMzJa",
	"Done_status": 0,
	"turnAround": 0,
	"createdAt": {
		"$date": "2018-11-27T07:11:56.197Z"
	},
	"updatedAt": {
		"$date": "2018-11-27T07:11:56.197Z"
	},
	"__v": 0
}
{
	"_id": {
		"$oid": "5bfcee3c6afa23baed08fdc4"
	},
	"Resub_count": 1,
	"Planet_name": "Mercury",
	"First_time_sumbission": {
		"$date": "2018-11-25T18:37:00.000Z"
	},
	"Latest_submission_time": {
		"$date": "2018-11-25T18:37:00.000Z"
	},
	"Submission_type": "New submission",
	"Latest_active_time": {
		"$date": "2018-11-25T18:37:00.000Z"
	},
	"Student_name": "Sridhar Kamoji",
	"Link": "https://classroom.google.com/u/0/c/MTE4ODYyNjIwNDda/a/MTQ0NDk3MjgxMDBa/submissions/by-status/and-sort-name/student/MTIwMDgwNTEwNzha",
	"Assignment_name": "DT",
	"Student_id": "MTIwMDgwNTEwNzha",
	"Done_status": 0,
	"turnAround": 0,
	"createdAt": {
		"$date": "2018-11-27T07:11:56.491Z"
	},
	"updatedAt": {
		"$date": "2018-11-27T07:11:56.491Z"
	},
	"__v": 0
}
{
	"_id": {
		"$oid": "5bfcee3c6afa23baed08fdc5"
	},
	"Resub_count": 2,
	"Planet_name": "Saturn",
	"First_time_sumbission": {
		"$date": "2018-11-23T19:10:00.000Z"
	},
	"Latest_submission_time": {
		"$date": "2018-11-25T18:39:00.000Z"
	},
	"Submission_type": "Resubmission",
	"Latest_active_time": {
		"$date": "2018-11-25T18:39:00.000Z"
	},
	"Student_name": "vishal sali",
	"Link": "https://classroom.google.com/u/0/c/MTQ5ODQwNjA0MzBa/a/MTQ5ODQwNzQ1ODNa/submissions/by-status/and-sort-name/student/MTQ5OTMyNzk4NjJa",
	"Assignment_name": "SVM",
	"Student_id": "MTQ5OTMyNzk4NjJa",
	"Done_status": 0,
	"turnAround": 0,
	"createdAt": {
		"$date": "2018-11-27T07:11:56.830Z"
	},
	"updatedAt": {
		"$date": "2018-11-27T07:11:56.830Z"
	},
	"__v": 0
}
{
	"_id": {
		"$oid": "5bfcee3d6afa23baed08fdc6"
	},
	"Resub_count": 1,
	"Planet_name": "Shire",
	"First_time_sumbission": {
		"$date": "2018-11-25T18:46:00.000Z"
	},
	"Latest_submission_time": {
		"$date": "2018-11-25T18:46:00.000Z"
	},
	"Submission_type": "New submission",
	"Latest_active_time": {
		"$date": "2018-11-25T18:46:00.000Z"
	},
	"Student_name": "Shridhar Galande",
	"Link": "https://classroom.google.com/u/0/c/MTk4NjY3MjQyNTFa/a/MTk4NjI5MzU5MDda/submissions/by-status/and-sort-name/student/MTA0MzE3NDE3ODRa",
	"Assignment_name": "SVM",
	"Student_id": "MTA0MzE3NDE3ODRa",
	"Done_status": 0,
	"turnAround": 0,
	"createdAt": {
		"$date": "2018-11-27T07:11:57.133Z"
	},
	"updatedAt": {
		"$date": "2018-11-27T07:11:57.133Z"
	},
	"__v": 0
}
{
	"_id": {
		"$oid": "5bfcee3d6afa23baed08fdc7"
	},
	"Resub_count": 3,
	"Planet_name": "Shire",
	"First_time_sumbission": {
		"$date": "2018-11-20T07:23:00.000Z"
	},
	"Latest_submission_time": {
		"$date": "2018-11-25T20:06:00.000Z"
	},
	"Submission_type": "Resubmission",
	"Latest_active_time": {
		"$date": "2018-11-25T20:15:00.000Z"
	},
	"Student_name": "Narasimha Bysani",
	"Link": "https://classroom.google.com/u/0/c/MTk4NjY3MjQyNTFa/a/MTk4NjY3MjQyNjla/submissions/by-status/and-sort-name/student/MjQ0MTAzNzY0OTda",
	"Assignment_name": "KNN",
	"Student_id": "MjQ0MTAzNzY0OTda",
	"Done_status": 0,
	"turnAround": 0,
	"createdAt": {
		"$date": "2018-11-27T07:11:57.463Z"
	},
	"updatedAt": {
		"$date": "2018-11-27T07:11:57.463Z"
	},
	"__v": 0
}
{
	"_id": {
		"$oid": "5bfcee3d6afa23baed08fdc8"
	},
	"Resub_count": 1,
	"Planet_name": "Pluto",
	"First_time_sumbission": {
		"$date": "2018-11-25T21:21:00.000Z"
	},
	"Latest_submission_time": {
		"$date": "2018-11-25T21:21:00.000Z"
	},
	"Submission_type": "New submission",
	"Latest_active_time": {
		"$date": "2018-11-25T21:21:00.000Z"
	},
	"Student_name": "Kushal Doshi",
	"Link": "https://classroom.google.com/u/0/c/MTczMTEyNDg1NzFa/a/MTczMTEyNDg1OTRa/submissions/by-status/and-sort-name/student/MTgyODk4MDYwNjFa",
	"Assignment_name": "TSNE",
	"Student_id": "MTgyODk4MDYwNjFa",
	"Done_status": 0,
	"turnAround": 0,
	"createdAt": {
		"$date": "2018-11-27T07:11:57.762Z"
	},
	"updatedAt": {
		"$date": "2018-11-27T07:11:57.762Z"
	},
	"__v": 0
}
{
	"_id": {
		"$oid": "5bfcee3e6afa23baed08fdc9"
	},
	"Resub_count": 2,
	"Planet_name": "sun",
	"First_time_sumbission": {
		"$date": "2018-11-17T06:36:00.000Z"
	},
	"Latest_submission_time": {
		"$date": "2018-11-25T22:24:00.000Z"
	},
	"Submission_type": "Resubmission",
	"Latest_active_time": {
		"$date": "2018-11-25T22:24:00.000Z"
	},
	"Student_name": "Karthick S",
	"Link": "https://classroom.google.com/c/ODc4NzQxOTc0OFpa/a/MTQ0NDkzNDQ5Nzda/submissions/by-status/and-sort-name/student/MTE0MDYzMzY4MzFa",
	"Assignment_name": "SVD",
	"Student_id": "MTE0MDYzMzY4MzFa",
	"Done_status": 0,
	"turnAround": 0,
	"createdAt": {
		"$date": "2018-11-27T07:11:58.062Z"
	},
	"updatedAt": {
		"$date": "2018-11-27T07:11:58.062Z"
	},
	"__v": 0
}
